date,quarter,m4_commit,m4_ml,m4_stretch,target
2026-07-27,Q3 FY27,112107136,185284488,214405865,189800260
2026-07-27,Q3 FY27,111614898,184168021,211569263,189800260
2026-07-28,Q3 FY27,111801858,183813451,211361304,189800260
2026-07-29,Q3 FY27,112257024,182921791,209951729,189800260
2026-07-31,Q3 FY27,114096701,183923724,211571833,189800260
2026-07-31,Q3 FY27,114164081,183573342,211162245,189800260
2026-07-31,Q3 FY27,118900007,167536288,330049183,189800260
2026-07-31,Q3 FY27,92181049,140669040,203307524,189800260
2026-07-31,Q3 FY27,104935587,145690244,203307524,189800260
2026-07-31,Q3 FY27,104935587,147970808,203307524,189800260
2026-07-31,Q3 FY27,104935587,147970808,203307524,189800260
2026-07-31,Q3 FY27,104935587,147970808,203307524,189800260
2026-07-31,Q3 FY27,104935587,147970808,203307524,189800260
2026-07-31,Q3 FY27,104935587,147970808,203307524,189800260
2026-07-31,Q3 FY27,104935587,147970808,203307524,189800260
2026-07-31,Q3 FY27,115246113,162078200,222714862,189800260
2026-07-31,Q3 FY27,115246113,162078200,222714862,189800260
2026-07-31,Q3 FY27,115079657,161297884,221814862,189800260
2026-07-31,Q3 FY27,115558781,160745474,222284862,189800260
2026-07-31,Q3 FY27,115558781,160745474,222284862,189800260
2026-07-31,Q3 FY27,115558781,160745474,222284862,189800260
2026-07-31,Q3 FY27,115558781,160745474,222284862,189800260
2026-09-09,Q3 FY27,169912943,188309655,209111808,189800260
2026-09-09,Q4 FY27,93765125,192753523,253135887,189800260
2026-09-09,Q3 FY27,169912943,188309655,209111808,189800260
2026-09-09,Q4 FY27,93765125,192753523,253135887,189800260
2026-09-09,Q3 FY27,169770843,188164227,209020808,189800260
2026-09-09,Q4 FY27,93913406,192829933,253185887,189800260
2026-09-09,Q4 FY27,93913406,192829933,253185887,189800260
2026-09-09,Q3 FY27,169770843,188164227,209020808,189800260
2026-09-09,Q3 FY27,169777391,187527861,209151011,189800260
2026-09-09,Q3 FY27,169777391,187527861,209151011,189800260
2026-09-09,Q4 FY27,94615454,194460090,253832787,189800260
2026-09-09,Q3 FY27,169679046,187418535,209120908,189800260
2026-09-09,Q4 FY27,94719588,194132935,253305887,189800260
2026-09-09,Q3 FY27,169679046,187418535,209120908,189800260
2026-09-09,Q4 FY27,94719588,194132935,253305887,189800260
2026-09-09,Q3 FY27,169132949,186834688,208535533,189800260
2026-09-09,Q4 FY27,94612649,193817343,252635887,189800260
2026-09-09,Q3 FY27,169132949,186834688,208535533,189800260
2026-09-09,Q4 FY27,94612649,193817343,252635887,189800260
2026-09-09,Q3 FY27,169593649,187325921,209020808,189800260
2026-09-09,Q4 FY27,94707478,194044411,253185887,189800260
2026-09-09,Q3 FY27,169593649,187325921,209020808,189800260
2026-09-09,Q4 FY27,94707478,194044411,253185887,189800260
2026-09-09,Q3 FY27,170145360,187792206,209400473,189800260
2026-09-09,Q4 FY27,95338170,196100615,256195887,189800260
2026-09-09,Q3 FY27,170145360,187792206,209400473,189800260
